1,Marrilee,Ledgeway,mledgeway0@utexas.edu,Bigender,94.77.102.123
2,Tamarra,Russon,trusson1@networkadvertising.org,Bigender,46.66.230.27
3,Thorsten,Tripe,ttripe2@godaddy.com,Bigender,12.212.201.172
4,Jemmy,Vigurs,jvigurs3@ucoz.com,Agender,61.16.243.83
5,Darill,Kinforth,dkinforth4@google.es,Bigender,141.109.202.38
6,Caitlin,Perago,cperago5@istockphoto.com,Agender,153.155.246.149
7,Jodie,Scanderet,jscanderet6@flickr.com,Genderqueer,58.77.2.237
8,Ainslee,McAuliffe,amcauliffe7@walmart.com,Female,51.45.23.191
9,Barri,Ludovico,bludovico8@ning.com,Genderqueer,22.60.133.221
10,Farra,Edmett,fedmett9@bigcartel.com,Bigender,133.217.152.210
